Account ID,Private Key,Public Key
strange_hypatia@test,b'a8b77e3e22dccb5b4c71c8f0991451b2deb3a81ce486f12d6be1105814601ada',afbec41cae38bff4995a8ca8b90a3e094b4d427a2923ecb712101056e4fb7b1e
nervous_noyce@test,b'f62f4b65f29050c3237d079e97c73f8d25f04a1113ebad3e499d73adeabcd71a',30f47a620d603ccd138ee06f2c37452d5986bbb56db72d7bbd51205b593c0c78
sad_booth@test,b'4abd5f7479a49854c43bc43c843e95a436532f69c3de8e9fb267fb68f01df239',888ad08f0e865295649a64053482b34b2c68c298384841640ac6f91ee3a0b38e
nice_montalcini@test,b'a40b3ad4274bc41a3355c2761bb05ecf03be016391cc9b9b9f57b2b37d57f798',1c775810458df35eba99871ba06e2946b25c5e2a41623305c19aa4e392a781d0
naughty_poincare@test,b'c6166b5dfb253806355dcb7be388fd479d5e3137f120a8354bd165a11c64042d',835ea1d8a5403220f7562e2f5d3841aee39a30b6b587bf8e3fd3d6b685d919df
zen_pascal@test,b'96e86c211877924e1bb785c251dad2c51df5f3b84e1de3dd8af93721ce17a54c',e3601eb52ed26a153ed4ee53933e29277742971634c6e55ee4f71db1dc33f814
infallible_babbage@test,b'c09292d762d2016833aaef49218c2415eb3613053776ad7e2b10d601478c7630',173bf0e5baa3dd8b833b4e663449d9ccf66d6db0075f6a701bd7adbd202ce386
hardcore_galileo@test,b'837c17ba3e769c15708cf4db58dca943094f8b61d2fa51af66aa9ecc00d76b0b',50ba8ca0da1c05f23b360957132a808f8265708f7618db47717c73e14d449f68
pensive_mccarthy@test,b'e7ab2b31a042c7868ae28f0855726b6cd60bde1f02b08f5c0f388f1ba5c4004e',ea4c285e864f303cbb22cace84e32867856e8a2eff78ce7aa56dee4cc59eee76
ecstatic_dubinsky@test,b'e955d1b1421edd3f3574d3a7423fe332702139a9472343f34278cf700a4d17f7',2ad202d680636a0993d4cc6a9ba5b1a386386f74733dd9dec3783a6ae58b4913
quizzical_blackwell@test,b'4908a6f80b8c5265e2bd651b10bf94dd7d1f503817e50b47658463f14d34e3a9',6adab97109c6320f553a773677119065242d7701b977a3651a0b767db73bd7cb
recursing_goose@test,b'9fbe3f5fd6937b548fd22021fb3d26aedf40642be8abd86ef010404ef1d46eea',c413eec3e921994b18143172bef12ba8bac54824021d8e2c149e8997b3d3e59f
angry_neumann@test,b'1270b72d246d1ed608f9e9a30ab05c076523a3d8a3fa1201e2226dc162700dd1',6624d24edf09426f2964b2344e8760eb7e53a58db83d84048f36dd1dbfaf55fe
nifty_leavitt@test,b'7af13d8c7b1a5acdc7b8fe96b4757500d1ce1d70b31f706a08ed22ad59c3d870',3a006e322880c9164f6dfe35aec36fc966e30a34a5fa6b935d4e45ac9fe413aa
happy_raman@test,b'0d882e7bbe04d35cb9d3c60d312af6180143aa0b39dd638175470ccd5166e468',33291afcc8a27fa1be3d84715c2685dba9ce4aab3b4d1341325ad28264d646da
friendly_meninsky@test,b'34154f3a91ebda2bc8bea71ed4a26dae18bad4272ceb7d2dde82964ffac01ef2',b4e0c9a75547507dffd81c22e689a703bd7b9ca7daede6d2dcaead1ad27ff1be
affectionate_ride@test,b'f8e50cb2e18ef17f0268616afa77433b610a1f1d1d0ce18c0d5ad4bd37317524',1f1b7a46287ff201190956fb568a3a427b1a8111cb433e6a1b5d2a87bb5c9cc5
dazzling_pike@test,b'1ae13d95c83b8c2b76ed75c0022415e36790d7e5f2fd5d2df1da54f50dcd209a',9b790638110b0111a14596b1d30574a9dd72e4930ff84ecd73b6f5003797d7f0
